mask,day,case,slice,fold,has_ann,slice_max
case156/day10/slice_0140_mask.npy,day10,case156,140,0,False,144
case156/day10/slice_0136_mask.npy,day10,case156,136,0,False,144
case156/day10/slice_0142_mask.npy,day10,case156,142,0,False,144
case156/day10/slice_0134_mask.npy,day10,case156,134,0,False,144
case156/day10/slice_0143_mask.npy,day10,case156,143,0,False,144
case156/day10/slice_0138_mask.npy,day10,case156,138,0,False,144
case156/day10/slice_0135_mask.npy,day10,case156,135,0,False,144
case156/day10/slice_0139_mask.npy,day10,case156,139,0,False,144
case156/day10/slice_0137_mask.npy,day10,case156,137,0,False,144
case156/day10/slice_0141_mask.npy,day10,case156,141,0,False,144
case156/day11/slice_0125_mask.npy,day11,case156,125,0,False,144
case156/day11/slice_0126_mask.npy,day11,case156,126,0,False,144
case156/day11/slice_0128_mask.npy,day11,case156,128,0,False,144
case32/day17/slice_0124_mask.npy,day17,case32,124,0,False,144
case32/day17/slice_0123_mask.npy,day17,case32,123,0,False,144
case32/day17/slice_0121_mask.npy,day17,case32,121,0,False,144
case32/day17/slice_0122_mask.npy,day17,case32,122,0,False,144
case32/day19/slice_0121_mask.npy,day19,case32,121,0,False,144
case32/day19/slice_0122_mask.npy,day19,case32,122,0,False,144
case32/day19/slice_0120_mask.npy,day19,case32,120,0,False,144
case32/day20/slice_0123_mask.npy,day20,case32,123,0,False,144
case32/day20/slice_0121_mask.npy,day20,case32,121,0,False,144
case32/day20/slice_0122_mask.npy,day20,case32,122,0,False,144
case32/day20/slice_0120_mask.npy,day20,case32,120,0,False,144
case32/day0/slice_0120_mask.npy,day0,case32,120,0,False,144
case32/day18/slice_0127_mask.npy,day18,case32,127,0,False,144
case32/day18/slice_0125_mask.npy,day18,case32,125,0,False,144
case32/day18/slice_0126_mask.npy,day18,case32,126,0,False,144
case7/day0/slice_0123_mask.npy,day0,case7,123,0,False,144
case7/day0/slice_0121_mask.npy,day0,case7,121,0,False,144
case7/day0/slice_0122_mask.npy,day0,case7,122,0,False,144
case7/day0/slice_0120_mask.npy,day0,case7,120,0,False,144
case108/day13/slice_0123_mask.npy,day13,case108,123,0,False,144
case133/day23/slice_0120_mask.npy,day23,case133,120,0,False,144
case63/day26/slice_0121_mask.npy,day26,case63,121,0,False,144
case63/day20/slice_0120_mask.npy,day20,case63,120,0,False,144
case63/day0/slice_0124_mask.npy,day0,case63,124,0,False,144
case144/day14/slice_0123_mask.npy,day14,case144,123,0,False,144
case144/day14/slice_0122_mask.npy,day14,case144,122,0,False,144
case144/day15/slice_0120_mask.npy,day15,case144,120,0,False,144
case144/day0/slice_0121_mask.npy,day0,case144,121,0,False,144
case144/day0/slice_0122_mask.npy,day0,case144,122,0,False,144
case144/day0/slice_0120_mask.npy,day0,case144,120,0,False,144
case113/day19/slice_0048_mask.npy,day19,case113,48,0,False,144
case18/day25/slice_0121_mask.npy,day25,case18,121,0,False,144
case18/day25/slice_0120_mask.npy,day25,case18,120,0,False,144
case18/day19/slice_0121_mask.npy,day19,case18,121,0,False,144
case18/day19/slice_0120_mask.npy,day19,case18,120,0,False,144
case19/day0/slice_0121_mask.npy,day0,case19,121,0,False,144
case19/day0/slice_0120_mask.npy,day0,case19,120,0,False,144
case145/day20/slice_0120_mask.npy,day20,case145,120,0,False,144
case145/day0/slice_0121_mask.npy,day0,case145,121,0,False,144
case145/day0/slice_0122_mask.npy,day0,case145,122,0,False,144
case145/day0/slice_0120_mask.npy,day0,case145,120,0,False,144
case139/day0/slice_0121_mask.npy,day0,case139,121,0,False,144
case139/day0/slice_0122_mask.npy,day0,case139,122,0,False,144
case139/day0/slice_0120_mask.npy,day0,case139,120,0,False,144
case156/day0/slice_0107_mask.npy,day0,case156,107,0,True,144
case7/day19/slice_0096_mask.npy,day19,case7,96,0,True,144
case7/day0/slice_0113_mask.npy,day0,case7,113,0,True,144
case7/day0/slice_0092_mask.npy,day0,case7,92,0,True,144
case7/day0/slice_0110_mask.npy,day0,case7,110,0,True,144
case7/day0/slice_0081_mask.npy,day0,case7,81,0,True,144
case7/day0/slice_0080_mask.npy,day0,case7,80,0,True,144
case7/day0/slice_0102_mask.npy,day0,case7,102,0,True,144
case7/day0/slice_0073_mask.npy,day0,case7,73,0,True,144
case7/day0/slice_0086_mask.npy,day0,case7,86,0,True,144
case7/day0/slice_0106_mask.npy,day0,case7,106,0,True,144
case7/day0/slice_0077_mask.npy,day0,case7,77,0,True,144
case7/day0/slice_0090_mask.npy,day0,case7,90,0,True,144
case7/day0/slice_0096_mask.npy,day0,case7,96,0,True,144
case7/day0/slice_0100_mask.npy,day0,case7,100,0,True,144
case7/day0/slice_0108_mask.npy,day0,case7,108,0,True,144
case7/day0/slice_0101_mask.npy,day0,case7,101,0,True,144
case7/day0/slice_0112_mask.npy,day0,case7,112,0,True,144
case7/day0/slice_0098_mask.npy,day0,case7,98,0,True,144
case7/day0/slice_0099_mask.npy,day0,case7,99,0,True,144
case7/day0/slice_0095_mask.npy,day0,case7,95,0,True,144
case7/day0/slice_0088_mask.npy,day0,case7,88,0,True,144
case7/day0/slice_0087_mask.npy,day0,case7,87,0,True,144
case7/day0/slice_0093_mask.npy,day0,case7,93,0,True,144
case7/day0/slice_0075_mask.npy,day0,case7,75,0,True,144
case7/day0/slice_0085_mask.npy,day0,case7,85,0,True,144
case7/day0/slice_0091_mask.npy,day0,case7,91,0,True,144
case7/day0/slice_0074_mask.npy,day0,case7,74,0,True,144
case7/day0/slice_0097_mask.npy,day0,case7,97,0,True,144
case7/day0/slice_0111_mask.npy,day0,case7,111,0,True,144
case7/day0/slice_0084_mask.npy,day0,case7,84,0,True,144
case7/day0/slice_0105_mask.npy,day0,case7,105,0,True,144
case7/day0/slice_0107_mask.npy,day0,case7,107,0,True,144
case7/day0/slice_0094_mask.npy,day0,case7,94,0,True,144
case7/day0/slice_0076_mask.npy,day0,case7,76,0,True,144
case7/day0/slice_0089_mask.npy,day0,case7,89,0,True,144
case7/day0/slice_0109_mask.npy,day0,case7,109,0,True,144
case7/day0/slice_0103_mask.npy,day0,case7,103,0,True,144
case7/day0/slice_0104_mask.npy,day0,case7,104,0,True,144
case88/day38/slice_0110_mask.npy,day38,case88,110,0,True,144
case88/day38/slice_0122_mask.npy,day38,case88,122,0,True,144
case88/day38/slice_0111_mask.npy,day38,case88,111,0,True,144
case88/day38/slice_0103_mask.npy,day38,case88,103,0,True,144
case88/day36/slice_0103_mask.npy,day36,case88,103,0,True,144
case88/day0/slice_0121_mask.npy,day0,case88,121,0,True,144
case88/day0/slice_0122_mask.npy,day0,case88,122,0,True,144
case88/day0/slice_0120_mask.npy,day0,case88,120,0,True,144
case108/day10/slice_0124_mask.npy,day10,case108,124,0,True,144
case108/day0/slice_0082_mask.npy,day0,case108,82,0,True,144
case108/day0/slice_0083_mask.npy,day0,case108,83,0,True,144
case63/day26/slice_0102_mask.npy,day26,case63,102,0,True,144
case63/day26/slice_0099_mask.npy,day26,case63,99,0,True,144
case63/day26/slice_0097_mask.npy,day26,case63,97,0,True,144
case63/day26/slice_0103_mask.npy,day26,case63,103,0,True,144
case113/day19/slice_0049_mask.npy,day19,case113,49,0,True,144
case91/day0/slice_0111_mask.npy,day0,case91,111,0,True,144
case18/day21/slice_0080_mask.npy,day21,case18,80,0,True,144
case18/day21/slice_0077_mask.npy,day21,case18,77,0,True,144
case18/day21/slice_0079_mask.npy,day21,case18,79,0,True,144
case18/day21/slice_0063_mask.npy,day21,case18,63,0,True,144
case18/day21/slice_0078_mask.npy,day21,case18,78,0,True,144
case111/day0/slice_0095_mask.npy,day0,case111,95,0,True,144
case111/day0/slice_0082_mask.npy,day0,case111,82,0,True,144
case111/day0/slice_0094_mask.npy,day0,case111,94,0,True,144
case65/day28/slice_0133_mask.npy,day28,case65,133,0,True,144
case65/day28/slice_0134_mask.npy,day28,case65,134,0,True,144
case65/day28/slice_0135_mask.npy,day28,case65,135,0,True,144
case65/day0/slice_0127_mask.npy,day0,case65,127,0,True,144
case65/day0/slice_0064_mask.npy,day0,case65,64,0,True,144
case65/day0/slice_0083_mask.npy,day0,case65,83,0,True,144
case65/day0/slice_0126_mask.npy,day0,case65,126,0,True,144
case65/day0/slice_0128_mask.npy,day0,case65,128,0,True,144
case139/day14/slice_0090_mask.npy,day14,case139,90,0,True,144
case139/day14/slice_0122_mask.npy,day14,case139,122,0,True,144
case139/day14/slice_0091_mask.npy,day14,case139,91,0,True,144
case139/day0/slice_0077_mask.npy,day0,case139,77,0,True,144
case139/day16/slice_0065_mask.npy,day16,case139,65,0,True,144
case139/day16/slice_0066_mask.npy,day16,case139,66,0,True,144
case149/day12/slice_0121_mask.npy,day12,case149,121,1,False,144
case149/day12/slice_0120_mask.npy,day12,case149,120,1,False,144
case149/day15/slice_0120_mask.npy,day15,case149,120,1,False,144
case149/day0/slice_0124_mask.npy,day0,case149,124,1,False,144
case149/day0/slice_0123_mask.npy,day0,case149,123,1,False,144
case149/day0/slice_0121_mask.npy,day0,case149,121,1,False,144
case149/day0/slice_0125_mask.npy,day0,case149,125,1,False,144
case149/day0/slice_0122_mask.npy,day0,case149,122,1,False,144
case149/day0/slice_0126_mask.npy,day0,case149,126,1,False,144
case149/day0/slice_0120_mask.npy,day0,case149,120,1,False,144
case119/day0/slice_0121_mask.npy,day0,case119,121,1,False,144
case119/day0/slice_0120_mask.npy,day0,case119,120,1,False,144
case116/day0/slice_0121_mask.npy,day0,case116,121,1,False,144
case116/day0/slice_0120_mask.npy,day0,case116,120,1,False,144
case74/day0/slice_0120_mask.npy,day0,case74,120,1,False,144
case148/day0/slice_0120_mask.npy,day0,case148,120,1,False,144
case6/day24/slice_0120_mask.npy,day24,case6,120,1,False,144
case6/day20/slice_0121_mask.npy,day20,case6,121,1,False,144
case6/day20/slice_0120_mask.npy,day20,case6,120,1,False,144
case122/day25/slice_0124_mask.npy,day25,case122,124,1,False,144
case122/day25/slice_0123_mask.npy,day25,case122,123,1,False,144
case122/day25/slice_0121_mask.npy,day25,case122,121,1,False,144
case122/day25/slice_0122_mask.npy,day25,case122,122,1,False,144
case122/day24/slice_0120_mask.npy,day24,case122,120,1,False,144
case122/day0/slice_0121_mask.npy,day0,case122,121,1,False,144
case122/day0/slice_0120_mask.npy,day0,case122,120,1,False,144
case122/day27/slice_0121_mask.npy,day27,case122,121,1,False,144
case122/day27/slice_0120_mask.npy,day27,case122,120,1,False,144
case84/day21/slice_0124_mask.npy,day21,case84,124,1,False,144
case84/day21/slice_0123_mask.npy,day21,case84,123,1,False,144
case84/day21/slice_0125_mask.npy,day21,case84,125,1,False,144
case84/day23/slice_0124_mask.npy,day23,case84,124,1,False,144
case84/day23/slice_0123_mask.npy,day23,case84,123,1,False,144
case84/day23/slice_0121_mask.npy,day23,case84,121,1,False,144
case84/day23/slice_0125_mask.npy,day23,case84,125,1,False,144
case84/day23/slice_0122_mask.npy,day23,case84,122,1,False,144
case43/day26/slice_0124_mask.npy,day26,case43,124,1,False,144
case43/day26/slice_0123_mask.npy,day26,case43,123,1,False,144
case43/day26/slice_0125_mask.npy,day26,case43,125,1,False,144
case43/day26/slice_0122_mask.npy,day26,case43,122,1,False,144
case43/day22/slice_0124_mask.npy,day22,case43,124,1,False,144
case43/day22/slice_0123_mask.npy,day22,case43,123,1,False,144
case43/day22/slice_0121_mask.npy,day22,case43,121,1,False,144
case43/day22/slice_0122_mask.npy,day22,case43,122,1,False,144
case43/day22/slice_0120_mask.npy,day22,case43,120,1,False,144
case43/day20/slice_0121_mask.npy,day20,case43,121,1,False,144
case43/day20/slice_0122_mask.npy,day20,case43,122,1,False,144
case43/day20/slice_0120_mask.npy,day20,case43,120,1,False,144
case43/day0/slice_0124_mask.npy,day0,case43,124,1,False,144
case43/day0/slice_0123_mask.npy,day0,case43,123,1,False,144
case43/day0/slice_0122_mask.npy,day0,case43,122,1,False,144
case43/day18/slice_0120_mask.npy,day18,case43,120,1,False,144
case53/day0/slice_0124_mask.npy,day0,case53,124,1,True,144
case53/day0/slice_0123_mask.npy,day0,case53,123,1,True,144
case53/day0/slice_0125_mask.npy,day0,case53,125,1,True,144
case11/day12/slice_0049_mask.npy,day12,case11,49,1,True,144
case119/day19/slice_0081_mask.npy,day19,case119,81,1,True,144
case119/day19/slice_0080_mask.npy,day19,case119,80,1,True,144
case119/day19/slice_0086_mask.npy,day19,case119,86,1,True,144
case119/day19/slice_0079_mask.npy,day19,case119,79,1,True,144
case119/day19/slice_0082_mask.npy,day19,case119,82,1,True,144
case119/day19/slice_0085_mask.npy,day19,case119,85,1,True,144
case119/day19/slice_0084_mask.npy,day19,case119,84,1,True,144
case119/day19/slice_0083_mask.npy,day19,case119,83,1,True,144
case74/day13/slice_0123_mask.npy,day13,case74,123,1,True,144
case74/day13/slice_0122_mask.npy,day13,case74,122,1,True,144
case74/day19/slice_0122_mask.npy,day19,case74,122,1,True,144
case74/day18/slice_0121_mask.npy,day18,case74,121,1,True,144
case148/day20/slice_0119_mask.npy,day20,case148,119,1,True,144
case148/day20/slice_0118_mask.npy,day20,case148,118,1,True,144
case148/day20/slice_0117_mask.npy,day20,case148,117,1,True,144
case148/day20/slice_0090_mask.npy,day20,case148,90,1,True,144
case148/day20/slice_0091_mask.npy,day20,case148,91,1,True,144
case148/day20/slice_0094_mask.npy,day20,case148,94,1,True,144
case148/day20/slice_0116_mask.npy,day20,case148,116,1,True,144
case148/day20/slice_0120_mask.npy,day20,case148,120,1,True,144
case148/day0/slice_0092_mask.npy,day0,case148,92,1,True,144
case148/day0/slice_0090_mask.npy,day0,case148,90,1,True,144
case148/day0/slice_0091_mask.npy,day0,case148,91,1,True,144
case148/day0/slice_0089_mask.npy,day0,case148,89,1,True,144
case55/day20/slice_0124_mask.npy,day20,case55,124,1,True,144
case55/day20/slice_0123_mask.npy,day20,case55,123,1,True,144
case55/day0/slice_0119_mask.npy,day0,case55,119,1,True,144
case55/day0/slice_0120_mask.npy,day0,case55,120,1,True,144
case55/day18/slice_0125_mask.npy,day18,case55,125,1,True,144
case55/day18/slice_0126_mask.npy,day18,case55,126,1,True,144
case121/day0/slice_0121_mask.npy,day0,case121,121,1,True,144
case121/day0/slice_0120_mask.npy,day0,case121,120,1,True,144
case36/day8/slice_0060_mask.npy,day8,case36,60,1,True,144
case36/day10/slice_0117_mask.npy,day10,case36,117,1,True,144
case36/day10/slice_0123_mask.npy,day10,case36,123,1,True,144
case36/day10/slice_0121_mask.npy,day10,case36,121,1,True,144
case36/day10/slice_0122_mask.npy,day10,case36,122,1,True,144
case36/day10/slice_0120_mask.npy,day10,case36,120,1,True,144
case36/day0/slice_0127_mask.npy,day0,case36,127,1,True,144
case36/day0/slice_0125_mask.npy,day0,case36,125,1,True,144
case36/day0/slice_0126_mask.npy,day0,case36,126,1,True,144
case36/day16/slice_0119_mask.npy,day16,case36,119,1,True,144
case36/day16/slice_0118_mask.npy,day16,case36,118,1,True,144
case36/day16/slice_0124_mask.npy,day16,case36,124,1,True,144
case36/day16/slice_0123_mask.npy,day16,case36,123,1,True,144
case36/day16/slice_0121_mask.npy,day16,case36,121,1,True,144
case36/day16/slice_0122_mask.npy,day16,case36,122,1,True,144
case36/day16/slice_0120_mask.npy,day16,case36,120,1,True,144
case118/day16/slice_0118_mask.npy,day16,case118,118,1,True,144
case118/day16/slice_0117_mask.npy,day16,case118,117,1,True,144
case118/day16/slice_0077_mask.npy,day16,case118,77,1,True,144
case118/day16/slice_0115_mask.npy,day16,case118,115,1,True,144
case118/day16/slice_0116_mask.npy,day16,case118,116,1,True,144
case122/day0/slice_0093_mask.npy,day0,case122,93,1,True,144
case141/day0/slice_0055_mask.npy,day0,case141,55,1,True,144
case141/day0/slice_0060_mask.npy,day0,case141,60,1,True,144
case141/day27/slice_0067_mask.npy,day27,case141,67,1,True,144
case141/day27/slice_0069_mask.npy,day27,case141,69,1,True,144
case141/day27/slice_0066_mask.npy,day27,case141,66,1,True,144
case141/day27/slice_0068_mask.npy,day27,case141,68,1,True,144
case141/day27/slice_0070_mask.npy,day27,case141,70,1,True,144
case84/day0/slice_0127_mask.npy,day0,case84,127,1,True,144
case84/day0/slice_0126_mask.npy,day0,case84,126,1,True,144
case43/day26/slice_0086_mask.npy,day26,case43,86,1,True,144
case43/day22/slice_0081_mask.npy,day22,case43,81,1,True,144
case43/day22/slice_0080_mask.npy,day22,case43,80,1,True,144
case43/day22/slice_0079_mask.npy,day22,case43,79,1,True,144
case43/day22/slice_0082_mask.npy,day22,case43,82,1,True,144
case43/day22/slice_0083_mask.npy,day22,case43,83,1,True,144
case43/day0/slice_0080_mask.npy,day0,case43,80,1,True,144
case43/day0/slice_0079_mask.npy,day0,case43,79,1,True,144
case43/day0/slice_0083_mask.npy,day0,case43,83,1,True,144
case43/day0/slice_0078_mask.npy,day0,case43,78,1,True,144
case43/day18/slice_0060_mask.npy,day18,case43,60,1,True,144
case43/day18/slice_0061_mask.npy,day18,case43,61,1,True,144
case118/day0/slice_0043_mask.npy,day0,case118,43,1,True,80
case118/day0/slice_0073_mask.npy,day0,case118,73,1,True,80
case118/day0/slice_0040_mask.npy,day0,case118,40,1,True,80
case118/day0/slice_0047_mask.npy,day0,case118,47,1,True,80
case118/day0/slice_0039_mask.npy,day0,case118,39,1,True,80
case118/day0/slice_0041_mask.npy,day0,case118,41,1,True,80
case118/day0/slice_0075_mask.npy,day0,case118,75,1,True,80
case118/day0/slice_0044_mask.npy,day0,case118,44,1,True,80
case118/day0/slice_0074_mask.npy,day0,case118,74,1,True,80
case118/day0/slice_0048_mask.npy,day0,case118,48,1,True,80
case118/day0/slice_0045_mask.npy,day0,case118,45,1,True,80
case118/day0/slice_0072_mask.npy,day0,case118,72,1,True,80
case118/day0/slice_0042_mask.npy,day0,case118,42,1,True,80
case89/day21/slice_0063_mask.npy,day21,case89,63,2,False,80
case34/day15/slice_0075_mask.npy,day15,case34,75,2,False,80
case34/day15/slice_0074_mask.npy,day15,case34,74,2,False,80
case34/day15/slice_0076_mask.npy,day15,case34,76,2,False,80
case34/day16/slice_0073_mask.npy,day16,case34,73,2,False,80
case34/day16/slice_0074_mask.npy,day16,case34,74,2,False,80
case34/day16/slice_0072_mask.npy,day16,case34,72,2,False,80
case66/day34/slice_0128_mask.npy,day34,case66,128,2,False,144
case66/day36/slice_0121_mask.npy,day36,case66,121,2,False,144
case66/day36/slice_0122_mask.npy,day36,case66,122,2,False,144
case66/day36/slice_0120_mask.npy,day36,case66,120,2,False,144
case115/day0/slice_0121_mask.npy,day0,case115,121,2,False,144
case115/day0/slice_0122_mask.npy,day0,case115,122,2,False,144
case115/day0/slice_0060_mask.npy,day0,case115,60,2,False,144
case115/day0/slice_0120_mask.npy,day0,case115,120,2,False,144
case125/day0/slice_0122_mask.npy,day0,case125,122,2,False,144
case81/day0/slice_0121_mask.npy,day0,case81,121,2,False,144
case81/day0/slice_0122_mask.npy,day0,case81,122,2,False,144
case41/day25/slice_0121_mask.npy,day25,case41,121,2,False,144
case41/day25/slice_0120_mask.npy,day25,case41,120,2,False,144
case41/day32/slice_0127_mask.npy,day32,case41,127,2,False,144
case41/day32/slice_0125_mask.npy,day32,case41,125,2,False,144
case41/day32/slice_0126_mask.npy,day32,case41,126,2,False,144
case41/day32/slice_0128_mask.npy,day32,case41,128,2,False,144
case85/day21/slice_0123_mask.npy,day21,case85,123,2,False,144
case85/day21/slice_0121_mask.npy,day21,case85,121,2,False,144
case85/day21/slice_0122_mask.npy,day21,case85,122,2,False,144
case85/day23/slice_0124_mask.npy,day23,case85,124,2,False,144
case85/day23/slice_0123_mask.npy,day23,case85,123,2,False,144
case85/day23/slice_0121_mask.npy,day23,case85,121,2,False,144
case85/day23/slice_0125_mask.npy,day23,case85,125,2,False,144
case85/day23/slice_0122_mask.npy,day23,case85,122,2,False,144
case85/day23/slice_0120_mask.npy,day23,case85,120,2,False,144
case134/day21/slice_0119_mask.npy,day21,case134,119,2,True,144
case134/day22/slice_0044_mask.npy,day22,case134,44,2,True,144
case134/day0/slice_0065_mask.npy,day0,case134,65,2,True,144
case134/day0/slice_0049_mask.npy,day0,case134,49,2,True,144
case134/day0/slice_0050_mask.npy,day0,case134,50,2,True,144
case134/day0/slice_0060_mask.npy,day0,case134,60,2,True,144
case134/day0/slice_0064_mask.npy,day0,case134,64,2,True,144
case134/day0/slice_0063_mask.npy,day0,case134,63,2,True,144
case140/day10/slice_0067_mask.npy,day10,case140,67,2,True,144
case140/day10/slice_0065_mask.npy,day10,case140,65,2,True,144
case140/day10/slice_0069_mask.npy,day10,case140,69,2,True,144
case140/day10/slice_0066_mask.npy,day10,case140,66,2,True,144
case140/day10/slice_0068_mask.npy,day10,case140,68,2,True,144
case140/day10/slice_0064_mask.npy,day10,case140,64,2,True,144
case140/day10/slice_0063_mask.npy,day10,case140,63,2,True,144
case107/day19/slice_0118_mask.npy,day19,case107,118,2,True,144
case107/day19/slice_0117_mask.npy,day19,case107,117,2,True,144
case107/day19/slice_0115_mask.npy,day19,case107,115,2,True,144
case115/day0/slice_0080_mask.npy,day0,case115,80,2,True,144
case115/day0/slice_0069_mask.npy,day0,case115,69,2,True,144
case115/day0/slice_0061_mask.npy,day0,case115,61,2,True,144
case125/day15/slice_0119_mask.npy,day15,case125,119,2,True,144
case125/day15/slice_0118_mask.npy,day15,case125,118,2,True,144
case125/day15/slice_0121_mask.npy,day15,case125,121,2,True,144
case125/day15/slice_0120_mask.npy,day15,case125,120,2,True,144
case114/day17/slice_0115_mask.npy,day17,case114,115,2,True,144
case89/day17/slice_0071_mask.npy,day17,case89,71,2,True,144
case89/day17/slice_0051_mask.npy,day17,case89,51,2,True,144
case89/day0/slice_0119_mask.npy,day0,case89,119,2,True,144
case89/day0/slice_0118_mask.npy,day0,case89,118,2,True,144
case22/day0/slice_0113_mask.npy,day0,case22,113,2,True,144
case22/day0/slice_0110_mask.npy,day0,case22,110,2,True,144
case22/day0/slice_0118_mask.npy,day0,case22,118,2,True,144
case22/day0/slice_0127_mask.npy,day0,case22,127,2,True,144
case22/day0/slice_0131_mask.npy,day0,case22,131,2,True,144
case22/day0/slice_0106_mask.npy,day0,case22,106,2,True,144
case22/day0/slice_0096_mask.npy,day0,case22,96,2,True,144
case22/day0/slice_0100_mask.npy,day0,case22,100,2,True,144
case22/day0/slice_0132_mask.npy,day0,case22,132,2,True,144
case22/day0/slice_0130_mask.npy,day0,case22,130,2,True,144
case22/day0/slice_0108_mask.npy,day0,case22,108,2,True,144
case22/day0/slice_0129_mask.npy,day0,case22,129,2,True,144
case22/day0/slice_0112_mask.npy,day0,case22,112,2,True,144
case22/day0/slice_0133_mask.npy,day0,case22,133,2,True,144
case22/day0/slice_0075_mask.npy,day0,case22,75,2,True,144
case22/day0/slice_0085_mask.npy,day0,case22,85,2,True,144
case22/day0/slice_0074_mask.npy,day0,case22,74,2,True,144
case22/day0/slice_0111_mask.npy,day0,case22,111,2,True,144
case22/day0/slice_0105_mask.npy,day0,case22,105,2,True,144
case22/day0/slice_0107_mask.npy,day0,case22,107,2,True,144
case22/day0/slice_0126_mask.npy,day0,case22,126,2,True,144
case22/day0/slice_0114_mask.npy,day0,case22,114,2,True,144
case22/day0/slice_0109_mask.npy,day0,case22,109,2,True,144
case22/day0/slice_0128_mask.npy,day0,case22,128,2,True,144
case81/day30/slice_0067_mask.npy,day30,case81,67,2,True,144
case81/day30/slice_0113_mask.npy,day30,case81,113,2,True,144
case81/day30/slice_0092_mask.npy,day30,case81,92,2,True,144
case81/day30/slice_0081_mask.npy,day30,case81,81,2,True,144
case81/day30/slice_0071_mask.npy,day30,case81,71,2,True,144
case81/day30/slice_0080_mask.npy,day30,case81,80,2,True,144
case81/day30/slice_0073_mask.npy,day30,case81,73,2,True,144
case81/day30/slice_0069_mask.npy,day30,case81,69,2,True,144
case81/day30/slice_0086_mask.npy,day30,case81,86,2,True,144
case81/day30/slice_0077_mask.npy,day30,case81,77,2,True,144
case81/day30/slice_0090_mask.npy,day30,case81,90,2,True,144
case81/day30/slice_0096_mask.npy,day30,case81,96,2,True,144
case81/day30/slice_0115_mask.npy,day30,case81,115,2,True,144
case81/day30/slice_0100_mask.npy,day30,case81,100,2,True,144
case81/day30/slice_0079_mask.npy,day30,case81,79,2,True,144
case81/day30/slice_0101_mask.npy,day30,case81,101,2,True,144
case81/day30/slice_0112_mask.npy,day30,case81,112,2,True,144
case81/day30/slice_0098_mask.npy,day30,case81,98,2,True,144
case81/day30/slice_0099_mask.npy,day30,case81,99,2,True,144
case81/day30/slice_0095_mask.npy,day30,case81,95,2,True,144
case81/day30/slice_0088_mask.npy,day30,case81,88,2,True,144
case81/day30/slice_0068_mask.npy,day30,case81,68,2,True,144
case81/day30/slice_0082_mask.npy,day30,case81,82,2,True,144
case81/day30/slice_0087_mask.npy,day30,case81,87,2,True,144
case81/day30/slice_0093_mask.npy,day30,case81,93,2,True,144
case81/day30/slice_0075_mask.npy,day30,case81,75,2,True,144
case81/day30/slice_0085_mask.npy,day30,case81,85,2,True,144
case81/day30/slice_0091_mask.npy,day30,case81,91,2,True,144
case81/day30/slice_0070_mask.npy,day30,case81,70,2,True,144
case81/day30/slice_0074_mask.npy,day30,case81,74,2,True,144
case81/day30/slice_0097_mask.npy,day30,case81,97,2,True,144
case81/day30/slice_0084_mask.npy,day30,case81,84,2,True,144
case81/day30/slice_0094_mask.npy,day30,case81,94,2,True,144
case81/day30/slice_0116_mask.npy,day30,case81,116,2,True,144
case81/day30/slice_0076_mask.npy,day30,case81,76,2,True,144
case81/day30/slice_0083_mask.npy,day30,case81,83,2,True,144
case81/day30/slice_0072_mask.npy,day30,case81,72,2,True,144
case81/day30/slice_0114_mask.npy,day30,case81,114,2,True,144
case81/day30/slice_0089_mask.npy,day30,case81,89,2,True,144
case81/day30/slice_0103_mask.npy,day30,case81,103,2,True,144
case81/day30/slice_0104_mask.npy,day30,case81,104,2,True,144
case81/day30/slice_0078_mask.npy,day30,case81,78,2,True,144
case81/day0/slice_0092_mask.npy,day0,case81,92,2,True,144
case81/day0/slice_0071_mask.npy,day0,case81,71,2,True,144
case81/day0/slice_0073_mask.npy,day0,case81,73,2,True,144
case81/day0/slice_0086_mask.npy,day0,case81,86,2,True,144
case81/day0/slice_0077_mask.npy,day0,case81,77,2,True,144
case81/day0/slice_0088_mask.npy,day0,case81,88,2,True,144
case81/day0/slice_0087_mask.npy,day0,case81,87,2,True,144
case81/day0/slice_0075_mask.npy,day0,case81,75,2,True,144
case81/day0/slice_0085_mask.npy,day0,case81,85,2,True,144
case81/day0/slice_0091_mask.npy,day0,case81,91,2,True,144
case81/day0/slice_0074_mask.npy,day0,case81,74,2,True,144
case81/day0/slice_0076_mask.npy,day0,case81,76,2,True,144
case81/day0/slice_0072_mask.npy,day0,case81,72,2,True,144
case81/day0/slice_0078_mask.npy,day0,case81,78,2,True,144
case30/day1/slice_0125_mask.npy,day1,case30,125,2,True,144
case30/day0/slice_0092_mask.npy,day0,case30,92,2,True,144
case30/day0/slice_0131_mask.npy,day0,case30,131,2,True,144
case30/day0/slice_0136_mask.npy,day0,case30,136,2,True,144
case30/day0/slice_0132_mask.npy,day0,case30,132,2,True,144
case30/day0/slice_0133_mask.npy,day0,case30,133,2,True,144
case30/day0/slice_0134_mask.npy,day0,case30,134,2,True,144
case30/day0/slice_0135_mask.npy,day0,case30,135,2,True,144
case30/day0/slice_0137_mask.npy,day0,case30,137,2,True,144
case54/day39/slice_0123_mask.npy,day39,case54,123,2,True,144
case138/day0/slice_0086_mask.npy,day0,case138,86,2,True,144
case138/day0/slice_0122_mask.npy,day0,case138,122,2,True,144
case138/day0/slice_0082_mask.npy,day0,case138,82,2,True,144
case138/day0/slice_0083_mask.npy,day0,case138,83,2,True,144
case138/day11/slice_0114_mask.npy,day11,case138,114,2,True,144
case16/day0/slice_0049_mask.npy,day0,case16,49,2,True,144
case16/day0/slice_0051_mask.npy,day0,case16,51,2,True,144
case16/day0/slice_0040_mask.npy,day0,case16,40,2,True,144
case16/day0/slice_0036_mask.npy,day0,case16,36,2,True,144
case16/day0/slice_0050_mask.npy,day0,case16,50,2,True,144
case16/day0/slice_0038_mask.npy,day0,case16,38,2,True,144
case16/day0/slice_0039_mask.npy,day0,case16,39,2,True,144
case16/day0/slice_0041_mask.npy,day0,case16,41,2,True,144
case16/day0/slice_0048_mask.npy,day0,case16,48,2,True,144
case16/day0/slice_0037_mask.npy,day0,case16,37,2,True,144
case16/day0/slice_0042_mask.npy,day0,case16,42,2,True,144
case85/day0/slice_0123_mask.npy,day0,case85,123,2,True,144
case85/day0/slice_0121_mask.npy,day0,case85,121,2,True,144
case85/day0/slice_0122_mask.npy,day0,case85,122,2,True,144
case85/day0/slice_0076_mask.npy,day0,case85,76,2,True,144
case85/day27/slice_0123_mask.npy,day27,case85,123,2,True,144
case85/day27/slice_0070_mask.npy,day27,case85,70,2,True,144
case34/day0/slice_0076_mask.npy,day0,case34,76,2,True,80
case131/day15/slice_0071_mask.npy,day15,case131,71,3,False,80
case131/day15/slice_0073_mask.npy,day15,case131,73,3,False,80
case131/day15/slice_0077_mask.npy,day15,case131,77,3,False,80
case131/day15/slice_0075_mask.npy,day15,case131,75,3,False,80
case131/day15/slice_0074_mask.npy,day15,case131,74,3,False,80
case131/day15/slice_0076_mask.npy,day15,case131,76,3,False,80
case131/day15/slice_0072_mask.npy,day15,case131,72,3,False,80
case117/day13/slice_0067_mask.npy,day13,case117,67,3,False,80
case117/day13/slice_0065_mask.npy,day13,case117,65,3,False,80
case117/day13/slice_0066_mask.npy,day13,case117,66,3,False,80
case117/day13/slice_0060_mask.npy,day13,case117,60,3,False,80
case117/day13/slice_0064_mask.npy,day13,case117,64,3,False,80
case117/day13/slice_0062_mask.npy,day13,case117,62,3,False,80
case117/day13/slice_0061_mask.npy,day13,case117,61,3,False,80
case117/day13/slice_0063_mask.npy,day13,case117,63,3,False,80
case117/day15/slice_0067_mask.npy,day15,case117,67,3,False,80
case117/day15/slice_0069_mask.npy,day15,case117,69,3,False,80
case117/day15/slice_0066_mask.npy,day15,case117,66,3,False,80
case117/day15/slice_0068_mask.npy,day15,case117,68,3,False,80
case117/day15/slice_0009_mask.npy,day15,case117,9,3,False,80
case117/day17/slice_0001_mask.npy,day17,case117,1,3,False,80
case117/day17/slice_0060_mask.npy,day17,case117,60,3,False,80
case117/day17/slice_0062_mask.npy,day17,case117,62,3,False,80
case117/day17/slice_0061_mask.npy,day17,case117,61,3,False,80
case117/day17/slice_0063_mask.npy,day17,case117,63,3,False,80
case117/day16/slice_0069_mask.npy,day16,case117,69,3,False,80
case117/day16/slice_0068_mask.npy,day16,case117,68,3,False,80
case117/day16/slice_0070_mask.npy,day16,case117,70,3,False,80
case146/day25/slice_0071_mask.npy,day25,case146,71,3,False,80
case146/day25/slice_0073_mask.npy,day25,case146,73,3,False,80
case146/day25/slice_0070_mask.npy,day25,case146,70,3,False,80
case146/day25/slice_0072_mask.npy,day25,case146,72,3,False,80
case131/day23/slice_0120_mask.npy,day23,case131,120,3,False,144
case131/day0/slice_0121_mask.npy,day0,case131,121,3,False,144
case131/day0/slice_0122_mask.npy,day0,case131,122,3,False,144
case131/day0/slice_0120_mask.npy,day0,case131,120,3,False,144
case40/day0/slice_0121_mask.npy,day0,case40,121,3,False,144
case130/day22/slice_0120_mask.npy,day22,case130,120,3,False,144
case33/day0/slice_0123_mask.npy,day0,case33,123,3,False,144
case117/day0/slice_0120_mask.npy,day0,case117,120,3,False,144
case124/day19/slice_0123_mask.npy,day19,case124,123,3,False,144
case124/day19/slice_0121_mask.npy,day19,case124,121,3,False,144
case124/day19/slice_0122_mask.npy,day19,case124,122,3,False,144
case124/day19/slice_0120_mask.npy,day19,case124,120,3,False,144
case124/day20/slice_0123_mask.npy,day20,case124,123,3,False,144
case124/day20/slice_0121_mask.npy,day20,case124,121,3,False,144
case124/day20/slice_0122_mask.npy,day20,case124,122,3,False,144
case124/day20/slice_0120_mask.npy,day20,case124,120,3,False,144
case124/day0/slice_0124_mask.npy,day0,case124,124,3,False,144
case124/day0/slice_0123_mask.npy,day0,case124,123,3,False,144
case124/day0/slice_0121_mask.npy,day0,case124,121,3,False,144
case124/day0/slice_0125_mask.npy,day0,case124,125,3,False,144
case124/day0/slice_0122_mask.npy,day0,case124,122,3,False,144
case129/day20/slice_0120_mask.npy,day20,case129,120,3,False,144
case129/day27/slice_0121_mask.npy,day27,case129,121,3,False,144
case129/day27/slice_0120_mask.npy,day27,case129,120,3,False,144
case101/day32/slice_0123_mask.npy,day32,case101,123,3,False,144
case101/day32/slice_0121_mask.npy,day32,case101,121,3,False,144
case101/day32/slice_0122_mask.npy,day32,case101,122,3,False,144
case44/day19/slice_0121_mask.npy,day19,case44,121,3,False,144
case44/day19/slice_0120_mask.npy,day19,case44,120,3,False,144
case44/day20/slice_0121_mask.npy,day20,case44,121,3,False,144
case44/day20/slice_0122_mask.npy,day20,case44,122,3,False,144
case44/day20/slice_0120_mask.npy,day20,case44,120,3,False,144
case44/day0/slice_0040_mask.npy,day0,case44,40,3,False,144
case44/day0/slice_0039_mask.npy,day0,case44,39,3,False,144
case102/day0/slice_0120_mask.npy,day0,case102,120,3,False,144
case146/day0/slice_0120_mask.npy,day0,case146,120,3,False,144
case29/day13/slice_0121_mask.npy,day13,case29,121,3,False,144
case29/day13/slice_0120_mask.npy,day13,case29,120,3,False,144
case29/day14/slice_0124_mask.npy,day14,case29,124,3,False,144
case29/day14/slice_0123_mask.npy,day14,case29,123,3,False,144
case29/day0/slice_0123_mask.npy,day0,case29,123,3,False,144
case29/day0/slice_0121_mask.npy,day0,case29,121,3,False,144
case29/day0/slice_0122_mask.npy,day0,case29,122,3,False,144
case29/day0/slice_0120_mask.npy,day0,case29,120,3,False,144
case15/day20/slice_0118_mask.npy,day20,case15,118,3,True,144
case15/day20/slice_0117_mask.npy,day20,case15,117,3,True,144
case15/day20/slice_0077_mask.npy,day20,case15,77,3,True,144
case15/day20/slice_0116_mask.npy,day20,case15,116,3,True,144
case131/day21/slice_0049_mask.npy,day21,case131,49,3,True,144
case131/day21/slice_0052_mask.npy,day21,case131,52,3,True,144
case131/day19/slice_0049_mask.npy,day19,case131,49,3,True,144
case131/day19/slice_0051_mask.npy,day19,case131,51,3,True,144
case131/day19/slice_0050_mask.npy,day19,case131,50,3,True,144
case131/day19/slice_0056_mask.npy,day19,case131,56,3,True,144
case131/day0/slice_0049_mask.npy,day0,case131,49,3,True,144
case40/day17/slice_0123_mask.npy,day17,case40,123,3,True,144
case130/day20/slice_0069_mask.npy,day20,case130,69,3,True,144
case130/day20/slice_0090_mask.npy,day20,case130,90,3,True,144
case130/day20/slice_0100_mask.npy,day20,case130,100,3,True,144
case130/day20/slice_0101_mask.npy,day20,case130,101,3,True,144
case130/day20/slice_0098_mask.npy,day20,case130,98,3,True,144
case130/day20/slice_0099_mask.npy,day20,case130,99,3,True,144
case130/day20/slice_0070_mask.npy,day20,case130,70,3,True,144
case130/day0/slice_0119_mask.npy,day0,case130,119,3,True,144
case130/day0/slice_0118_mask.npy,day0,case130,118,3,True,144
case130/day0/slice_0117_mask.npy,day0,case130,117,3,True,144
case130/day0/slice_0115_mask.npy,day0,case130,115,3,True,144
case130/day0/slice_0116_mask.npy,day0,case130,116,3,True,144
case130/day0/slice_0120_mask.npy,day0,case130,120,3,True,144
case9/day22/slice_0119_mask.npy,day22,case9,119,3,True,144
case9/day22/slice_0118_mask.npy,day22,case9,118,3,True,144
case9/day22/slice_0117_mask.npy,day22,case9,117,3,True,144
case9/day22/slice_0115_mask.npy,day22,case9,115,3,True,144
case9/day22/slice_0116_mask.npy,day22,case9,116,3,True,144
case9/day22/slice_0114_mask.npy,day22,case9,114,3,True,144
case9/day22/slice_0109_mask.npy,day22,case9,109,3,True,144
case9/day20/slice_0113_mask.npy,day20,case9,113,3,True,144
case9/day20/slice_0110_mask.npy,day20,case9,110,3,True,144
case9/day20/slice_0106_mask.npy,day20,case9,106,3,True,144
case9/day20/slice_0108_mask.npy,day20,case9,108,3,True,144
case9/day20/slice_0112_mask.npy,day20,case9,112,3,True,144
case9/day20/slice_0047_mask.npy,day20,case9,47,3,True,144
case9/day20/slice_0111_mask.npy,day20,case9,111,3,True,144
case9/day20/slice_0105_mask.npy,day20,case9,105,3,True,144
case9/day20/slice_0048_mask.npy,day20,case9,48,3,True,144
case9/day20/slice_0109_mask.npy,day20,case9,109,3,True,144
case9/day20/slice_0104_mask.npy,day20,case9,104,3,True,144
case9/day0/slice_0067_mask.npy,day0,case9,67,3,True,144
case9/day0/slice_0113_mask.npy,day0,case9,113,3,True,144
case9/day0/slice_0110_mask.npy,day0,case9,110,3,True,144
case9/day0/slice_0106_mask.npy,day0,case9,106,3,True,144
case9/day0/slice_0115_mask.npy,day0,case9,115,3,True,144
case9/day0/slice_0066_mask.npy,day0,case9,66,3,True,144
case9/day0/slice_0112_mask.npy,day0,case9,112,3,True,144
case9/day0/slice_0111_mask.npy,day0,case9,111,3,True,144
case9/day0/slice_0105_mask.npy,day0,case9,105,3,True,144
case9/day0/slice_0107_mask.npy,day0,case9,107,3,True,144
case9/day0/slice_0116_mask.npy,day0,case9,116,3,True,144
case9/day0/slice_0114_mask.npy,day0,case9,114,3,True,144
case9/day0/slice_0109_mask.npy,day0,case9,109,3,True,144
case9/day0/slice_0103_mask.npy,day0,case9,103,3,True,144
case9/day0/slice_0104_mask.npy,day0,case9,104,3,True,144
case33/day21/slice_0113_mask.npy,day21,case33,113,3,True,144
case33/day21/slice_0110_mask.npy,day21,case33,110,3,True,144
case33/day21/slice_0127_mask.npy,day21,case33,127,3,True,144
case33/day21/slice_0106_mask.npy,day21,case33,106,3,True,144
case33/day21/slice_0108_mask.npy,day21,case33,108,3,True,144
case33/day21/slice_0112_mask.npy,day21,case33,112,3,True,144
case33/day21/slice_0099_mask.npy,day21,case33,99,3,True,144
case33/day21/slice_0111_mask.npy,day21,case33,111,3,True,144
case33/day21/slice_0105_mask.npy,day21,case33,105,3,True,144
case33/day21/slice_0107_mask.npy,day21,case33,107,3,True,144
case33/day21/slice_0126_mask.npy,day21,case33,126,3,True,144
case33/day21/slice_0109_mask.npy,day21,case33,109,3,True,144
case124/day19/slice_0074_mask.npy,day19,case124,74,3,True,144
case124/day20/slice_0055_mask.npy,day20,case124,55,3,True,144
case124/day20/slice_0056_mask.npy,day20,case124,56,3,True,144
case124/day0/slice_0051_mask.npy,day0,case124,51,3,True,144
case124/day0/slice_0052_mask.npy,day0,case124,52,3,True,144
case124/day0/slice_0097_mask.npy,day0,case124,97,3,True,144
case129/day24/slice_0055_mask.npy,day24,case129,55,3,True,144
case129/day24/slice_0119_mask.npy,day24,case129,119,3,True,144
case129/day24/slice_0120_mask.npy,day24,case129,120,3,True,144
case129/day27/slice_0090_mask.npy,day27,case129,90,3,True,144
case129/day27/slice_0054_mask.npy,day27,case129,54,3,True,144
case129/day27/slice_0085_mask.npy,day27,case129,85,3,True,144
case129/day27/slice_0091_mask.npy,day27,case129,91,3,True,144
case129/day27/slice_0089_mask.npy,day27,case129,89,3,True,144
case101/day26/slice_0119_mask.npy,day26,case101,119,3,True,144
case101/day26/slice_0118_mask.npy,day26,case101,118,3,True,144
case101/day26/slice_0120_mask.npy,day26,case101,120,3,True,144
case101/day22/slice_0117_mask.npy,day22,case101,117,3,True,144
case101/day22/slice_0123_mask.npy,day22,case101,123,3,True,144
case101/day22/slice_0121_mask.npy,day22,case101,121,3,True,144
case101/day22/slice_0122_mask.npy,day22,case101,122,3,True,144
case101/day22/slice_0120_mask.npy,day22,case101,120,3,True,144
case44/day19/slice_0092_mask.npy,day19,case44,92,3,True,144
case44/day19/slice_0071_mask.npy,day19,case44,71,3,True,144
case44/day19/slice_0090_mask.npy,day19,case44,90,3,True,144
case44/day19/slice_0091_mask.npy,day19,case44,91,3,True,144
case44/day19/slice_0072_mask.npy,day19,case44,72,3,True,144
case44/day20/slice_0103_mask.npy,day20,case44,103,3,True,144
case123/day22/slice_0124_mask.npy,day22,case123,124,3,True,144
case123/day22/slice_0123_mask.npy,day22,case123,123,3,True,144
case123/day22/slice_0121_mask.npy,day22,case123,121,3,True,144
case123/day22/slice_0122_mask.npy,day22,case123,122,3,True,144
case123/day20/slice_0118_mask.npy,day20,case123,118,3,True,144
case90/day22/slice_0120_mask.npy,day22,case90,120,3,True,144
case90/day0/slice_0124_mask.npy,day0,case90,124,3,True,144
case90/day0/slice_0123_mask.npy,day0,case90,123,3,True,144
case90/day0/slice_0122_mask.npy,day0,case90,122,3,True,144
case47/day29/slice_0067_mask.npy,day29,case47,67,3,True,144
case47/day29/slice_0069_mask.npy,day29,case47,69,3,True,144
case47/day29/slice_0057_mask.npy,day29,case47,57,3,True,144
case47/day29/slice_0070_mask.npy,day29,case47,70,3,True,144
case47/day29/slice_0062_mask.npy,day29,case47,62,3,True,144
case47/day29/slice_0063_mask.npy,day29,case47,63,3,True,144
case47/day0/slice_0058_mask.npy,day0,case47,58,3,True,144
case47/day0/slice_0103_mask.npy,day0,case47,103,3,True,144
case47/day0/slice_0104_mask.npy,day0,case47,104,3,True,144
case47/day27/slice_0067_mask.npy,day27,case47,67,3,True,144
case47/day27/slice_0059_mask.npy,day27,case47,59,3,True,144
case47/day27/slice_0066_mask.npy,day27,case47,66,3,True,144
case47/day27/slice_0060_mask.npy,day27,case47,60,3,True,144
case117/day15/slice_0024_mask.npy,day15,case117,24,3,True,80
case117/day17/slice_0021_mask.npy,day17,case117,21,3,True,80
case35/day15/slice_0072_mask.npy,day15,case35,72,4,False,80
case110/day16/slice_0121_mask.npy,day16,case110,121,4,False,144
case110/day16/slice_0120_mask.npy,day16,case110,120,4,False,144
case78/day0/slice_0120_mask.npy,day0,case78,120,4,False,144
case80/day10/slice_0122_mask.npy,day10,case80,122,4,False,144
case80/day0/slice_0121_mask.npy,day0,case80,121,4,False,144
case80/day0/slice_0120_mask.npy,day0,case80,120,4,False,144
case154/day16/slice_0120_mask.npy,day16,case154,120,4,False,144
case135/day17/slice_0120_mask.npy,day17,case135,120,4,False,144
case135/day0/slice_0121_mask.npy,day0,case135,121,4,False,144
case135/day0/slice_0120_mask.npy,day0,case135,120,4,False,144
case147/day14/slice_0060_mask.npy,day14,case147,60,4,False,144
case77/day0/slice_0120_mask.npy,day0,case77,120,4,False,144
case136/day0/slice_0121_mask.npy,day0,case136,121,4,False,144
case136/day0/slice_0120_mask.npy,day0,case136,120,4,False,144
case142/day14/slice_0124_mask.npy,day14,case142,124,4,False,144
case142/day14/slice_0123_mask.npy,day14,case142,123,4,False,144
case142/day14/slice_0121_mask.npy,day14,case142,121,4,False,144
case142/day14/slice_0125_mask.npy,day14,case142,125,4,False,144
case142/day14/slice_0122_mask.npy,day14,case142,122,4,False,144
case142/day14/slice_0120_mask.npy,day14,case142,120,4,False,144
case142/day0/slice_0121_mask.npy,day0,case142,121,4,False,144
case142/day0/slice_0122_mask.npy,day0,case142,122,4,False,144
case142/day0/slice_0120_mask.npy,day0,case142,120,4,False,144
case142/day16/slice_0120_mask.npy,day16,case142,120,4,False,144
case110/day12/slice_0075_mask.npy,day12,case110,75,4,True,144
case110/day12/slice_0074_mask.npy,day12,case110,74,4,True,144
case110/day12/slice_0116_mask.npy,day12,case110,116,4,True,144
case42/day17/slice_0131_mask.npy,day17,case42,131,4,True,144
case42/day17/slice_0132_mask.npy,day17,case42,132,4,True,144
case42/day17/slice_0130_mask.npy,day17,case42,130,4,True,144
case42/day17/slice_0129_mask.npy,day17,case42,129,4,True,144
case42/day17/slice_0133_mask.npy,day17,case42,133,4,True,144
case42/day19/slice_0110_mask.npy,day19,case42,110,4,True,144
case42/day19/slice_0127_mask.npy,day19,case42,127,4,True,144
case42/day19/slice_0128_mask.npy,day19,case42,128,4,True,144
case42/day0/slice_0127_mask.npy,day0,case42,127,4,True,144
case42/day0/slice_0130_mask.npy,day0,case42,130,4,True,144
case42/day0/slice_0129_mask.npy,day0,case42,129,4,True,144
case42/day0/slice_0126_mask.npy,day0,case42,126,4,True,144
case42/day0/slice_0128_mask.npy,day0,case42,128,4,True,144
case78/day26/slice_0121_mask.npy,day26,case78,121,4,True,144
case78/day26/slice_0098_mask.npy,day26,case78,98,4,True,144
case78/day22/slice_0096_mask.npy,day22,case78,96,4,True,144
case78/day22/slice_0121_mask.npy,day22,case78,121,4,True,144
case78/day22/slice_0095_mask.npy,day22,case78,95,4,True,144
case78/day22/slice_0097_mask.npy,day22,case78,97,4,True,144
case78/day22/slice_0094_mask.npy,day22,case78,94,4,True,144
case78/day18/slice_0102_mask.npy,day18,case78,102,4,True,144
case78/day18/slice_0096_mask.npy,day18,case78,96,4,True,144
case78/day18/slice_0100_mask.npy,day18,case78,100,4,True,144
case78/day18/slice_0101_mask.npy,day18,case78,101,4,True,144
case78/day18/slice_0098_mask.npy,day18,case78,98,4,True,144
case78/day18/slice_0099_mask.npy,day18,case78,99,4,True,144
case78/day18/slice_0122_mask.npy,day18,case78,122,4,True,144
case78/day18/slice_0097_mask.npy,day18,case78,97,4,True,144
case78/day18/slice_0103_mask.npy,day18,case78,103,4,True,144
case80/day14/slice_0123_mask.npy,day14,case80,123,4,True,144
case80/day14/slice_0077_mask.npy,day14,case80,77,4,True,144
case80/day14/slice_0122_mask.npy,day14,case80,122,4,True,144
case80/day10/slice_0086_mask.npy,day10,case80,86,4,True,144
case80/day0/slice_0098_mask.npy,day0,case80,98,4,True,144
case35/day0/slice_0124_mask.npy,day0,case35,124,4,True,144
case35/day0/slice_0123_mask.npy,day0,case35,123,4,True,144
case35/day0/slice_0121_mask.npy,day0,case35,121,4,True,144
case35/day0/slice_0125_mask.npy,day0,case35,125,4,True,144
case35/day0/slice_0122_mask.npy,day0,case35,122,4,True,144
case35/day0/slice_0120_mask.npy,day0,case35,120,4,True,144
case143/day0/slice_0123_mask.npy,day0,case143,123,4,True,144
case143/day0/slice_0122_mask.npy,day0,case143,122,4,True,144
case143/day18/slice_0111_mask.npy,day18,case143,111,4,True,144
case24/day0/slice_0060_mask.npy,day0,case24,60,4,True,144
case2/day3/slice_0118_mask.npy,day3,case2,118,4,True,144
case2/day3/slice_0117_mask.npy,day3,case2,117,4,True,144
case2/day1/slice_0124_mask.npy,day1,case2,124,4,True,144
case2/day1/slice_0123_mask.npy,day1,case2,123,4,True,144
case2/day4/slice_0123_mask.npy,day4,case2,123,4,True,144
case2/day4/slice_0121_mask.npy,day4,case2,121,4,True,144
case2/day4/slice_0122_mask.npy,day4,case2,122,4,True,144
case2/day4/slice_0120_mask.npy,day4,case2,120,4,True,144
case2/day5/slice_0119_mask.npy,day5,case2,119,4,True,144
case2/day5/slice_0118_mask.npy,day5,case2,118,4,True,144
case2/day5/slice_0117_mask.npy,day5,case2,117,4,True,144
case2/day2/slice_0121_mask.npy,day2,case2,121,4,True,144
case2/day2/slice_0122_mask.npy,day2,case2,122,4,True,144
case135/day17/slice_0110_mask.npy,day17,case135,110,4,True,144
case135/day17/slice_0101_mask.npy,day17,case135,101,4,True,144
case135/day17/slice_0111_mask.npy,day17,case135,111,4,True,144
case77/day20/slice_0119_mask.npy,day20,case77,119,4,True,144
case77/day20/slice_0118_mask.npy,day20,case77,118,4,True,144
case77/day20/slice_0102_mask.npy,day20,case77,102,4,True,144
case77/day20/slice_0101_mask.npy,day20,case77,101,4,True,144
case77/day20/slice_0120_mask.npy,day20,case77,120,4,True,144
case77/day20/slice_0103_mask.npy,day20,case77,103,4,True,144
case136/day27/slice_0092_mask.npy,day27,case136,92,4,True,144
case136/day27/slice_0093_mask.npy,day27,case136,93,4,True,144
case136/day27/slice_0075_mask.npy,day27,case136,75,4,True,144
case142/day16/slice_0064_mask.npy,day16,case142,64,4,True,144
case142/day16/slice_0063_mask.npy,day16,case142,63,4,True,144
case20/day24/slice_0110_mask.npy,day24,case20,110,4,True,144
case20/day24/slice_0112_mask.npy,day24,case20,112,4,True,144
case20/day24/slice_0111_mask.npy,day24,case20,111,4,True,144
case20/day22/slice_0119_mask.npy,day22,case20,119,4,True,144
case20/day22/slice_0124_mask.npy,day22,case20,124,4,True,144
case20/day22/slice_0123_mask.npy,day22,case20,123,4,True,144
case20/day22/slice_0121_mask.npy,day22,case20,121,4,True,144
case20/day22/slice_0125_mask.npy,day22,case20,125,4,True,144
case20/day22/slice_0122_mask.npy,day22,case20,122,4,True,144
case20/day22/slice_0120_mask.npy,day22,case20,120,4,True,144
case20/day0/slice_0124_mask.npy,day0,case20,124,4,True,144
case20/day0/slice_0123_mask.npy,day0,case20,123,4,True,144
case20/day0/slice_0121_mask.npy,day0,case20,121,4,True,144
case20/day0/slice_0122_mask.npy,day0,case20,122,4,True,144
case20/day0/slice_0120_mask.npy,day0,case20,120,4,True,144
case35/day12/slice_0075_mask.npy,day12,case35,75,4,True,80
case35/day12/slice_0074_mask.npy,day12,case35,74,4,True,80
case35/day12/slice_0076_mask.npy,day12,case35,76,4,True,80
case35/day15/slice_0048_mask.npy,day15,case35,48,4,True,80
case35/day18/slice_0075_mask.npy,day18,case35,75,4,True,80
